x,y,Class
0.30555908675378207,0.6300167431254474,C2
0.30080904935543173,0.5956116799768593,C2
0.23334923014870038,0.6144983259152665,C2
0.31995850487474636,0.6297389306431425,C2
0.2715215296538022,0.6303821387405939,C2
0.28964839108904583,0.6036480105613358,C2
0.2659837016059837,0.6396837291285599,C2
0.3340622204337714,0.5990557251273465,C2
0.2796853068696331,0.6520012086569865,C2
0.2766220373647744,0.605053097371228,C2
0.32379597761456774,0.6377032785400535,C2
0.34381656758735485,0.6036573115187538,C2
0.30622969456245264,0.5902153135095666,C2
0.2736776536604928,0.6405256526001647,C2
0.36905252066406313,0.6191037228776617,C2
0.32215818725061984,0.627947078046532,C2
0.3535979768832955,0.5644433004408818,C2
0.3818930402607249,0.5563816479919949,C2
0.3897332418614474,0.6954196851387267,C2
0.40617292552085876,0.6108907969966052,C2
0.4374307852818773,0.6306398203663771,C2
0.413362394848119,0.6201997439050467,C2
0.41975364193431,0.5757402897367272,C2
0.4552459829737687,0.6263718566885776,C2
0.4893877427454523,0.6008268768793865,C2
0.46358195374165606,0.6634360868703205,C2
0.47314173272227383,0.5640335812686186,C2
0.5208458424765602,0.6197148040495964,C2
0.5029678540390708,0.6882995029275037,C2
0.4823177657603564,0.6555545124624295,C2
0.46516050726994274,0.6850120054641666,C2
0.5076003823750205,0.6232424910889919,C2
0.5224347011283658,0.6695367448728748,C2
0.5350822331059589,0.5831032915582866,C2
0.5668086305034099,0.6152234169122722,C2
0.5068621737415115,0.6280839032276232,C2
0.6057374127377798,0.6953772120368024,C2
0.5934825836850844,0.6665863139710678,C2
0.6412564783581577,0.6341874480596986,C2
0.6653823263997597,0.6511779551172076,C2
0.6076184542826604,0.6393712016184308,C2
0.6306969968211823,0.6472246735037803,C2
0.6674467918406799,0.6389588534752288,C2
0.6709362479176467,0.6112576686852795,C2
0.6473210449020542,0.6869021864400239,C2
0.6843959823984658,0.6509969752481921,C2
0.714042313510005,0.6840066925748013,C2
0.6750126626263829,0.6865468535700874,C2
0.6787811247880863,0.6044766076982573,C2
0.6906610107938634,0.6096955369528239,C2
0.6837337425904702,0.6335237873055807,C2
0.7395035911942924,0.6323341701628957,C2
0.7767313275170519,0.5808428966714305,C2
0.7747881592723136,0.659108900783471,C2
0.7125643483609728,0.5781436300129436,C2
0.7271145706738729,0.6068955350828479,C2
0.7547923204827607,0.6259991591777114,C2
0.7923983299936704,0.5929376050861683,C2
0.7758519992975434,0.5207367046285634,C2
0.747849223494464,0.606798548872105,C2
0.7761711844070469,0.5631729475432422,C2
0.7957470843776656,0.5919913064310847,C2
0.813874248575583,0.5515457719064681,C2
0.7454434187895034,0.5982107944389449,C2
0.8594550528822057,0.4839085663226867,C2
0.7995125388706317,0.5207753699807238,C2
0.8808322561593404,0.48868352155878286,C2
0.874946500895852,0.5183753782693783,C2
0.8064022413013333,0.5127019120590292,C2
0.8715793690102098,0.4793281926957258,C2
0.8703548845266419,0.5043784848862657,C2
0.8267804655535642,0.4592550648606639,C2
0.8532203645974173,0.48279880825620175,C2
0.8629703063585199,0.5904719466311324,C2
0.8650112543882476,0.5084777701997418,C2
0.8202044350435977,0.5475804833765721,C2
0.8753289071784242,0.5368998701527326,C2
0.8500209425997484,0.5874341893990127,C2
0.847508231279619,0.5651783144645511,C2
0.7315713076926016,0.5884945535682615,C2
0.9127978873670298,0.6023174660402068,C2
0.8097170357809782,0.5592697122007599,C2
0.8951930559429454,0.558157976216787,C2
0.9071137201921274,0.5676413764549526,C2
0.8834507170477237,0.5901595816953711,C2
0.902658061294797,0.6866584220833544,C2
0.8841221822116467,0.5837167536657588,C2
0.9248074242439613,0.6071363057202934,C2
0.9177184128457194,0.6777848954366779,C2
0.8535909906475507,0.601201249568171,C2
0.8783552952265118,0.5950513632598996,C2
0.8421274477070486,0.5682630278961313,C2
0.8599084416978019,0.6117435915847668,C2
0.9026607772848805,0.6341569883350319,C2
0.8696049169262385,0.6378555859844078,C2
0.8178663050747905,0.5496808781839464,C2
0.8399204170472112,0.5511770863999328,C2
0.7770363641764367,0.5246011359267166,C2
0.8536519734682024,0.5842893807158792,C2
0.8327053920533011,0.5894735889442002,C2
0.77902241160611,0.5145273581120666,C2
0.9315161772143701,0.5106085156605595,C2
0.8981352946855985,0.5040794798374424,C2
0.8028208886700154,0.4486108868779724,C2
0.8330147926885321,0.4269259935381102,C2
0.840830659843491,0.4123873432950581,C2
0.9247172103654304,0.38744873984551437,C2
0.8688739933932997,0.3898128411991554,C2
0.8181323590608374,0.40899094977455847,C2
0.8466641245500653,0.4768641079169701,C2
0.8642194139103783,0.3577288931589617,C2
0.8135277641106967,0.39181128712589985,C2
0.9023211150200842,0.32491978942737393,C2
0.8460097695795903,0.3938061568754673,C2
0.8503695127174896,0.3802058244179755,C2
0.8722501646392988,0.3122423401865515,C2
0.799402400479483,0.29146634594815485,C2
0.787985121902564,0.306169812580597,C2
0.8540386010579077,0.3309128157272071,C2
0.8498851965239856,0.3379586635575377,C2
0.8551538697304873,0.356760865372719,C2
0.8429314498812427,0.27065969228756354,C2
0.8666197022925344,0.2463385951605417,C2
0.8132291369953799,0.30366041303780467,C2
0.8609177105640616,0.24795501979735046,C2
0.8273489664060355,0.2580014339366525,C2
0.8295598836584532,0.30079633262712363,C2
0.8345744350363896,0.2480508477582427,C2
0.8413848364589609,0.2620403254112405,C2
0.8005740605665321,0.25330214974764087,C2
0.8423854239418584,0.20274792635334477,C2
0.8741677715474995,0.22946590589892554,C2
0.8431380658509169,0.26079468417506513,C2
0.8287250007611869,0.20159597394879028,C2
0.8580153717741281,0.24709631278709784,C2
0.8245746837755865,0.22827089399588502,C2
0.8671069069249655,0.16762650458110345,C2
0.913385758664552,0.1969866453554906,C2
0.9058399311196638,0.1863869797774316,C2
0.9332909316813031,0.14513338429518663,C2
0.8613845311590657,0.15114131870411973,C2
0.8788103549027824,0.16527732488607708,C2
0.880710539696972,0.1641887627691357,C2
0.8479721444867253,0.17104854684538023,C2
0.83214797645389,0.12279312683345472,C2
0.8481262176720562,0.12496481383866698,C2
0.9568108182899953,0.11707493838822677,C2
0.9227904822077625,0.06776759789593301,C2
0.8354971067891936,0.12157039678405142,C2
0.8710413084559697,0.11604818722672387,C2
0.8538996869142268,0.12256847220102544,C2
0.8362422593186194,0.1228192056599743,C2
0.8541905299710955,0.09600976245979825,C2
0.8602280288817479,0.06332955759679701,C2
0.9345641840198368,0.11545226160911681,C2
0.8752438798253304,0.14421451361689733,C2
0.8719654764458974,0.10550276761184997,C2
0.8621502201870442,0.25146319200348466,C2
0.8936956423854809,0.3177966039973137,C2
0.8245930370133565,0.2909611839876315,C2
0.8225927829360365,0.3515989761464733,C2
0.8258824008951927,0.37487738957118866,C2
0.8631866699663583,0.36560770404215326,C2
0.8081312903043198,0.49029540900812263,C2
0.7636461595210392,0.4168014000482691,C2
0.8145317256379243,0.5190181927109042,C2
0.8225903929062,0.48154827022895297,C2
0.7442017906475309,0.4839603627761764,C2
0.8012747072564371,0.6069286086110592,C2
0.8035087518325963,0.5378299892064854,C2
0.7786375033621343,0.4761870762016734,C2
0.798718332723679,0.5563627104528296,C2
0.806127238309645,0.5124538088830926,C2
0.7683513726857801,0.5484100144041124,C2
0.7855150062157518,0.5707722023602075,C2
0.7258500545309174,0.6094716352935102,C2
0.7010501164727547,0.56903335391452,C2
0.7895734384714874,0.5926942702560762,C2
0.7148654973674562,0.5962312176316279,C2
0.7286672663371734,0.6032033108016044,C2
0.6941762384077508,0.6059247925609854,C2
0.6859046189638622,0.6049292616481811,C2
0.7244526599994718,0.5909170343664117,C2
0.7050883690886808,0.6393967622420151,C2
0.7041642409999588,0.5812444221972993,C2
0.6927702010210317,0.5745458733507879,C2
0.7521113051019875,0.6296071244507423,C2
0.7270998808478422,0.5403807854492507,C2
0.7259033907371383,0.6184851195517469,C2
0.6039843637706043,0.5758906745451827,C2
0.6834076249696249,0.6644301183957353,C2
0.5915193826624635,0.630505967913163,C2
0.6089698924394267,0.6714987543129904,C2
0.6836248629079845,0.5941040038152515,C2
0.6655457466321668,0.7077626050265777,C2
0.6428363057428423,0.571338184778035,C2
0.6246155694252993,0.69548184545674,C2
0.6006989289835937,0.6520489300727528,C2
0.5957487438505098,0.641412769137704,C2
0.6020057374031255,0.6281609869570953,C2
0.5024040817099973,0.7056046416382434,C2
0.5528185098917879,0.6238560537917056,C2
0.5121839401899234,0.6098732252784193,C2
0.52336397759068,0.6509161414225023,C2
0.5262837804136027,0.6550831579471521,C2
0.5318830259942642,0.6483890574363854,C2
0.5054930486901794,0.5305176229672336,C2
0.444661976634547,0.6196515045306923,C2
0.522468934089865,0.6042014664561116,C2
0.5016302316478433,0.6335646309437533,C2
0.5057289516535779,0.5730866950622221,C2
0.5377235481409282,0.6162813493193546,C2
0.5207803178612754,0.5629106249352949,C2
0.5175672686903046,0.5730201485049661,C2
0.5111307087425909,0.5212804927522053,C2
0.5175532363111384,0.4813522228296378,C2
0.48759947572211193,0.5314740449653897,C2
0.5293673413600787,0.4979621882610658,C2
0.49465306781419277,0.4822229903822484,C2
0.5071197857221302,0.46358017300775295,C2
0.4824872439064489,0.433357220722736,C2
0.5462642545354544,0.47741116506553494,C2
0.5952404931299884,0.478948742968635,C2
0.5466663782623109,0.48340329092732426,C2
0.43554331383458345,0.43005317984697383,C2
0.5390243902757468,0.3906075472604715,C2
0.5184123293755449,0.47552834538619165,C2
0.5350041455170539,0.41223832300393487,C2
0.5697710527302864,0.36494391070769777,C2
0.534443964695973,0.42583295529405535,C2
0.5542891631581277,0.44643921057901903,C2
0.5368810486134546,0.48074272737720275,C2
0.4810601809516237,0.3841167315602641,C2
0.5487619594015972,0.43039298402138176,C2
0.5456656627747548,0.3826225730581941,C2
0.5182358560034497,0.4396916745244886,C2
0.5482081595209483,0.39388053022807806,C2
0.5431314848612184,0.48696424811487365,C2
0.5113679405931092,0.39033216797765485,C2
0.4880424182596196,0.37603168889627125,C2
0.4941522384231873,0.32305031160851616,C2
0.5572573457117576,0.43777254044814984,C2
0.5017957080518715,0.3701674404212463,C2
0.5354691608197121,0.33372810774044637,C2
0.4948246028343301,0.33696349575676315,C2
0.5070061204500567,0.36721560820858146,C2
0.5465586609162457,0.33035115492606854,C2
0.5450574799642506,0.3159423683144655,C2
0.5184779330335207,0.3813867991388181,C2
0.5741163795727823,0.3118550785197555,C2
0.5037110629973877,0.27470298678556476,C2
0.5016852705501286,0.3108301008495763,C2
0.5309996288493356,0.2956187248330198,C2
0.5629617450919786,0.25705867182121866,C2
0.6135062025405785,0.295998452577448,C2
0.49156071401731877,0.2766748174318412,C2
0.5514072418113384,0.2601296557415062,C2
0.6007675415150372,0.2977993466336012,C2
0.5697235609589085,0.24641070346094426,C2
0.5457151289800494,0.2754660649147729,C2
0.5653260904521877,0.2552995811035203,C2
0.5707713752739764,0.3105275336958958,C2
0.6303789351986416,0.23548404171141757,C2
0.6372879646710222,0.275344204459359,C2
0.5688769085330624,0.2952925617151258,C2
0.6648169490495419,0.2696136133639495,C2
0.589203481163284,0.21324436799481497,C2
0.6217900877763055,0.2273086598743116,C2
0.6282409165123437,0.23891177301960864,C2
0.5982529831310587,0.25486669051132915,C2
0.6577327656789629,0.28860684929819747,C2
0.5845032909895118,0.3089951920722054,C2
0.6553555300629635,0.25816063912126697,C2
0.6687926426014582,0.2706738062530165,C2
0.6644075615720343,0.21684524930488275,C2
0.6946952470374359,0.2583219989066891,C2
0.6459783284732835,0.29253125819968895,C2
0.5760726599007683,0.2650273818361771,C2
0.7058965214151859,0.27598079549426174,C2
0.6433740174653502,0.35815100273877404,C2
0.6385209387681916,0.24807029442153364,C2
0.6213108383945527,0.25894816719248887,C2
0.6028205961307441,0.19862193428699046,C2
0.5878226240113987,0.277513028941334,C2
0.6489935722860647,0.2059949642835987,C2
0.6785461602808927,0.30692227252464405,C2
0.6209683241580242,0.21616413450772676,C2
0.6463148843822444,0.20637762631087772,C2
0.6868584931699967,0.243630796311204,C2
0.6296493548817953,0.28572716925270764,C2
0.5847326841275992,0.18935041928258564,C2
0.6197281511266055,0.1910231715293612,C2
0.5826006147875142,0.162723049439663,C2
0.6224441958826293,0.23688136433564158,C2
0.57208818694802,0.21656924638301367,C2
0.5486347593613052,0.23749783108439915,C2
0.6342445282251921,0.16327373575893048,C2
0.6032489386279577,0.186728640766268,C2
0.6145301468680228,0.24115154379981701,C2
0.564816010993033,0.11625839464058552,C2
0.5322435693690831,0.15947895116752764,C2
0.6124181332905655,0.10543786753397583,C2
0.6120721570921916,0.17479120203773807,C2
0.5415313356153186,0.18890341008155656,C2
0.6062451484357833,0.14284493939804913,C2
0.5670380616191194,0.14214845741522836,C2
0.5525226462791276,0.0762950016870711,C2
0.5246189246540849,0.0828231955426591,C2
0.5710894638865417,0.1730363954497516,C2
0.5651998057745463,0.1537368049858862,C2
0.5592807640486868,0.1648740052997457,C2
0.46347341399828446,0.0713194541837431,C2
0.5216302490491609,0.07690195388858603,C2
0.5376900591138497,0.07934727468884267,C2
0.5321932575007648,0.14647103105187864,C2
0.46967394738448126,0.14634982695221932,C2
0.5289104552205643,0.14394414464761943,C2
0.5401616136095228,0.08952418567916523,C2
0.43834030422503983,0.15704407562502254,C2
0.5006333595534089,0.1301821577206834,C2
0.4590815853732854,0.17055167185875159,C2
0.49559590510506274,0.21030809799212064,C2
0.4503816409319747,0.16397561095511068,C2
0.4869863578051827,0.20672371242221232,C2
0.4837216794356406,0.19396068834503521,C2
0.5422867049058924,0.22178783123307946,C2
0.5180454325434132,0.26893070393046836,C2
0.5344975518224265,0.26984038616230355,C2
0.4477931027589962,0.2666390796363967,C2
0.4101564377042918,0.3501207895040656,C2
0.42917674035552233,0.3145507796630138,C2
0.4439638509895637,0.3433855620280943,C2
0.4791066439126604,0.3365088157450645,C2
0.5335818343333514,0.347397543002855,C2
0.4741239120944575,0.3411886983594412,C2
0.4910430894353208,0.38408319508868194,C2
0.5058113572601702,0.3512908126911491,C2
0.4580719231110538,0.37826843110831726,C2
0.4778213678872585,0.34183897949869735,C2
0.43479186008811954,0.3986090461923438,C2
0.4009108117237019,0.4115794050428432,C2
0.478137255172853,0.3960984364360125,C2
0.47044384470571265,0.39413680158316083,C2
0.4717635156200612,0.40616505744282977,C2
0.4999739743029681,0.41263148174240255,C2
0.5125570233900951,0.4092744346521667,C2
0.4610943593363921,0.456235987367606,C2
0.4325451439998768,0.43847319729151374,C2
0.4392052541130009,0.44406266664917643,C2
0.4105348224686087,0.5057184355699428,C2
0.5222506621244956,0.5210952958977083,C2
0.4259283710277826,0.5604915092582833,C2
0.4645962689067223,0.626158063444532,C2
0.4004329098470186,0.5818167279848673,C2
0.45811391404860613,0.6630526721245983,C2
0.432973381589067,0.5597947209198455,C2
0.37875882601908634,0.6122670323894354,C2
0.3923027002021012,0.6477897691807112,C2
0.3872807627276498,0.6369034728353821,C2
0.41984829161306964,0.6415494483881512,C2
0.4265138964809563,0.6178045319163639,C2
0.4108967429974621,0.5953004707181165,C2
0.394387374727837,0.6057883877992146,C2
0.3822244599425162,0.6008706362540898,C2
0.3307077109467108,0.6168418623800052,C2
0.3607701088529508,0.64177958566515,C2
0.3408863374785379,0.5940313763643955,C2
0.31154906958883166,0.5863518036713308,C2
0.29674711290482586,0.6378661066239657,C2
0.2326713629462188,0.6775805452698922,C2
0.2292542385980029,0.6019924797906743,C2
0.30407009358610565,0.6968635461870714,C2
0.25405406371824557,0.6202557845790353,C2
0.2878651605555639,0.694082317120934,C2
0.253069991587731,0.5984316735091091,C2
0.24287657578401659,0.6150500698229865,C2
0.28519395737612663,0.6232505417586961,C2
0.23976403898168086,0.6039063859106628,C2
0.21345795130989997,0.6432213986153571,C2
0.21737371671777392,0.6531694590300511,C2
0.2447295255357273,0.6216676524101965,C2
0.17593879559093806,0.7124848405199192,C2
0.1937818672749689,0.6816141910316285,C2
0.16912253600618732,0.6340217288009784,C2
0.19282343246970854,0.6750971291102279,C2
0.20554601310727774,0.6433257475014154,C2
0.19203024340531188,0.7023557932590843,C2
0.18659949518294713,0.6685601376870195,C2
0.21927641611311668,0.5887374076877946,C2
0.19841235959180836,0.6686983690975868,C2
0.17501512191035792,0.7082740963861701,C2
0.1835183179014087,0.6427016546934423,C2
0.17748174082342916,0.6775389998246939,C2
0.2689381483799508,0.6681774755427443,C2
0.45012709041555987,0.7153258082390874,C2
0.30575699254463584,0.6839608847784555,C2
0.32937868264924763,0.6354472353070186,C2
0.36734773239045265,0.6837014329504351,C2
0.3341850042109825,0.6732664502454858,C2
0.4572657713069192,0.6676577068911569,C2
0.40769282138236673,0.7339379495270294,C2
0.44927550754514567,0.7525246741103502,C2
0.5602782578224451,0.6805965366032044,C2
0.6072792244148796,0.6568897438022517,C2
0.6461942847566882,0.7421166169850885,C2
0.6862528938774696,0.726345029345057,C2
0.7551707941798563,0.7202705544666711,C2
0.8030995978762894,0.72021025082812,C2
0.8664927541515149,0.6700761538606005,C2
0.8480472665265384,0.6547613627751231,C2
0.8624104920037416,0.6745171223103554,C2
0.8722304314376919,0.667581858749157,C2
0.8635494634986979,0.6026477368873815,C2
0.8149364124048927,0.6454888375975795,C2
0.8362558047552063,0.5679988186509005,C2
0.7883828244846192,0.5795410423392383,C2
0.7454511888704481,0.5877402770711151,C2
0.7858941492691411,0.5866363198927057,C2
0.7396185686713362,0.6031168431737707,C2
0.7921803964273788,0.6140030258967564,C2
0.7222201152749961,0.5788846089487478,C2
0.774868019126101,0.6703289182216869,C2
0.8218490992367864,0.6013294784137174,C2
0.8993863909644255,0.5725614006195684,C2
0.8897037446574559,0.6921309668704803,C2
0.8604408889400843,0.6804698103200736,C2
0.8382554675813827,0.697757534222186,C2
0.769414807078083,0.7010377417225336,C2
0.6718709189291978,0.6918121916823331,C2
0.5394154561603111,0.6416307800672042,C2
0.5465455934703479,0.6477437463989022,C2
0.47485698016650824,0.6937378803638357,C2
0.43989105977194054,0.6645121788015625,C2
0.3852692773226873,0.6618929583904779,C2
0.3427891734379517,0.6270689496924656,C2
0.33465491582122353,0.6468713145908882,C2
0.3525853127021547,0.6396392940589336,C2
0.1916539027062607,0.6987700603741854,C2
0.23900764347501388,0.6815934079745498,C2
0.2785082742707648,0.6735241564200716,C2
0.21434690825938024,0.6973888943449693,C2
0.21471903760305852,0.6728767642420429,C2
0.16582145470976684,0.6453245915470288,C2
0.21295688125999465,0.6657948785888494,C2
0.20541663524176199,0.6716341684784181,C2
0.1623595636457211,0.6681838527062545,C2
0.15605085585691075,0.7141437248098154,C2
0.13361558520390227,0.6087380502523585,C2
0.20210324113102288,0.6785581621128903,C2
0.2080977255900927,0.7489998206517686,C2
0.17553028623230793,0.7103995011554869,C2
0.17603654681111178,0.7071464653618018,C2
0.14636987849661298,0.7006128877799488,C2
0.15351993904999073,0.6998134370026196,C2
0.370839435780866,0.5855705469459948,C2
0.26930814458323743,0.5186618382797482,C2
0.3061856066676397,0.5374063793040147,C2
0.3064015938281524,0.5132936291741654,C2
0.3100306160607866,0.5202392756791473,C2
0.3460695555446884,0.45276955874043257,C2
0.3301929946818142,0.5314227225670887,C2
0.32843584015900135,0.4924998713395276,C2
0.33177848333030385,0.47520403601673916,C2
0.31754034535883296,0.4709449937139205,C2
0.2652416690484273,0.4869247289536826,C2
0.30782655454141067,0.45508712286814823,C2
0.2350622448141314,0.3595511820441941,C2
0.2941383309327412,0.4249606092482714,C2
0.28018529269930936,0.3767554878893817,C2
0.25119501399482697,0.41154293860493996,C2
0.26765002073435873,0.39152452536071325,C2
0.1997244388473155,0.423782949247176,C2
0.2920764438101673,0.406471403704732,C2
0.2521082738080615,0.3646127380821357,C2
0.2800747154794223,0.35752248980071155,C2
0.16468167952606239,0.37363553403260835,C2
0.19320048490734415,0.4083353330973588,C2
0.22755811071136195,0.3029401892094622,C2
0.2171428226744956,0.23577727506001603,C2
0.14009095420612516,0.38677207601194075,C2
0.19021069407965321,0.3275448782243944,C2
0.1697241601662824,0.3069006527454715,C2
0.22406571817565793,0.32021624188956044,C2
0.23085265593502513,0.2941818380970668,C2
0.24796167227939048,0.2601998372733808,C2
0.1812959652206048,0.24618173599652016,C2
0.1868042189914605,0.22040448829955678,C2
0.1519714185383303,0.17807937920579167,C2
0.27233637322312193,0.11630579270156313,C2
0.2534342949920277,0.16753209921838186,C2
0.1726586336385721,0.17158384714772745,C2
0.23834424142793675,0.14315782430340618,C2
0.29047308065653066,0.12005789456208604,C2
0.18715547664232682,0.18179754085125932,C2
0.2075267199058445,0.1568184708038767,C2
0.25176195057029743,0.1808792004930135,C2
0.24585672131577765,0.10332814243986897,C2
0.25670539138245246,0.1549729760187944,C2
0.30973751210180034,0.18950320640287246,C2
0.25206763320219455,0.18251061015884595,C2
0.23081325527641122,0.17702332055502026,C2
0.23420736767601777,0.12316577793357855,C2
0.22943137662534036,0.14124506556543,C2
0.22711848771480786,0.15330790785484902,C2
0.2093951660202667,0.19803896947826957,C2
0.21440832280022587,0.1902702392326659,C2
0.22704153271663483,0.24358659395822604,C2
0.23296622292297042,0.26726290460127583,C2
0.27710196535898474,0.21475368897626498,C2
0.22775086677288212,0.27228069469069943,C2
0.2369726802924515,0.2685196305938043,C2
0.2926820393348105,0.2612142330789637,C2
0.2603751433680864,0.2835682367526063,C2
0.24824145971085243,0.31316505668475575,C2
0.30266110977901906,0.3112011537885621,C2
0.39651258088436125,0.3002237646514382,C2
0.31528540747274636,0.3455022464328834,C2
0.2882213809590937,0.3164718008259731,C2
0.3250873176898156,0.3281625580181225,C2
0.3483737936951097,0.36918279271795706,C2
0.24605142458421178,0.33288223488275637,C2
0.311067481439452,0.4101863788563007,C2
0.30333259327004064,0.3466405577338385,C2
0.31607140886373286,0.3469065507507717,C2
0.22982574614157814,0.3962205951407718,C2
0.254932366939673,0.37424188317266005,C2
0.2807867700683304,0.2692501244066346,C2
0.3005667932810091,0.30818875536878465,C2
0.24720134502495014,0.23459868920776944,C2
0.29785020119654443,0.23186564518504638,C2
0.265041105989889,0.29093492083561084,C2
0.2381922634230374,0.29044996976857446,C2
0.32677570387368204,0.22443567101472975,C2
0.2862531815998686,0.2957744015402449,C2
0.2990814160258125,0.2993086801885869,C2
0.325278024705003,0.2901521706669599,C2
0.2819885482449279,0.32389043144009405,C2
0.2795530132907704,0.25683493821582615,C2
0.3028247766936615,0.3863540262971215,C2
0.28360975270705624,0.366288869405721,C2
0.2907650954158202,0.5014109693411749,C2
0.31843072383950016,0.4784722239173956,C2
0.29847174337983345,0.4862018304941823,C2
0.2745438561307114,0.4972695253327615,C2
0.2534940268315274,0.5113047895180354,C2
0.24871175205361531,0.5145805369686262,C2
0.290826396053432,0.5514611400863251,C2
0.27924272745908624,0.5674539313811374,C2
0.2325366561119201,0.5432700638613371,C2
0.28749962927055495,0.5585593866382236,C2
0.3363339664276786,0.5607460666518308,C2
0.2787489838719103,0.5962648382082899,C2
0.28683665567152905,0.5796559122667726,C2
0.28218835100639605,0.6276175325647957,C2
0.3538798647836541,0.6006575343724232,C2
0.2942190561772066,0.6375127547081264,C2
0.265238685942174,0.6577295978951321,C2
0.28570973337612465,0.6583706662201941,C2
0.26320930003501086,0.6125923714431565,C2
0.19661066847369285,0.6971868168493219,C2
0.24501813747956946,0.6800198655830131,C2
0.23712895929462513,0.6484066641754211,C2
0.1908169991135694,0.6711601807476795,C2
0.21074059473361234,0.6912999248139151,C2
0.1911104434698471,0.6270638875833351,C2
0.18092270035922436,0.7206835516654941,C2
0.20558034407900308,0.6854451839572069,C2
0.21504740050757082,0.679894120115054,C2
0.2330610297569733,0.6635993857152394,C2
0.18249289929582063,0.7060339029682036,C2
0.2238690643640479,0.6819060207455784,C2
0.16846046303306644,0.6605740787414723,C2
0.07886531262403541,0.7145431904206968,C2
0.21765423975832143,0.6850071320054961,C2
0.2047568718681348,0.696859381272928,C2
0.11209181144350988,0.7242500049266131,C2
0.1708858843524816,0.7044375108000267,C2
0.15614703887681872,0.7051984259006915,C2
0.12573798278828008,0.7216414920531533,C2
0.16278415956741724,0.6970539786244715,C2
0.120340627172489,0.7599204954088938,C2
0.14358703711201992,0.7609134028930953,C2
0.12744710839627202,0.7797486263485696,C2
0.14672416460164853,0.6753823933753141,C2
0.09021608136001713,0.7038356144571914,C2
0.146009464809926,0.6707813809193363,C2
0.12950126160219855,0.6832706701675847,C2
0.14627698408423093,0.7080692121605152,C2
0.09572523783570794,0.6620976894574462,C2
0.13894401201984982,0.7319332565604083,C2
0.09091816933502411,0.7199469515547736,C2
0.07839592395162774,0.7145740059627731,C2
0.06344171375569857,0.692906343583201,C2
0.10129186120845823,0.6960232684989356,C2
0.1054475666512308,0.6677897108379527,C2
0.1400933271024736,0.7221928515735196,C2
0.09131707876900962,0.7744556368960969,C2
0.10042175574151908,0.7470301147846697,C2
0.04285364218071178,0.7594210356812711,C2
0.07660406056755092,0.69631967684362,C2
0.08441339749651663,0.7124632361541763,C2
0.037815768716934074,0.7107168277763527,C2
0.14658491053316267,0.7033375361215108,C2
0.03955363661108305,0.6947317971954988,C2
0.06461787546961306,0.6323123007415288,C2
0.08666953702851925,0.6847981598794161,C2
0.04841654028937905,0.6957367983104571,C2
0.021022198449587588,0.7428546677223619,C2
0.03726917422838729,0.7166172633586079,C2
0.027991771045147433,0.6946358429770219,C2
0.02255788572248946,0.6882807823830153,C2
0.03973135002071869,0.6555905602306866,C2
0.056088643385592656,0.7088207067093454,C2
0.050696441645903895,0.7304813399514967,C2
0.00992408832836288,0.7041707650339917,C2
0.046729721562207636,0.6992693708060919,C2
0.11531691135675552,0.7377466954678971,C2
0.2108216193735999,0.7182370586749532,C2
0.25664936537560734,0.6545157902853073,C2
0.3170201601170838,0.7041797413558739,C2
0.3315509393419311,0.6442044045584209,C2
0.45933182069520967,0.6878636199989558,C2
0.4915053438102041,0.6939585098462964,C2
0.45648730334506843,0.6439185096928847,C2
0.46061532197199556,0.6343543922512207,C2
0.49951334833447875,0.6825604023898382,C2
0.49078704823246116,0.6473506865638187,C2
0.5273724011369045,0.6893149150575911,C2
0.5211679755069206,0.6898937256769714,C2
0.554186447229617,0.6783104351068614,C2
0.5209194164054621,0.7288561253669127,C2
0.571009922487972,0.7510837196557038,C2
0.5690333975040609,0.694558292785627,C2
0.5907254237647274,0.7417274988734098,C2
0.629983521665557,0.7389320095068457,C2
0.6002713744041869,0.7192234705836079,C2
0.7127795221282053,0.6850341634926969,C2
0.7137975451427779,0.7096207297213637,C2
0.7327317954880519,0.6581273448227359,C2
0.6484836439823588,0.7237308238671194,C2
0.7158591839646103,0.682360355098153,C2
0.6522193636440192,0.7348972076808868,C2
0.6677923941878553,0.7364216059951525,C2
0.6650701031883892,0.7379921962766203,C2
0.7365761531870515,0.748147787810816,C2
0.7005739018518143,0.7378389403421108,C2
0.7263680394379024,0.711623977120682,C2
0.7760260410985591,0.712261251883648,C2
0.8319866819014898,0.7089928022424594,C2
0.8067840315590284,0.7384084609098879,C2
0.8629975322036245,0.6889739041681552,C2
0.8739129197763426,0.6162959082824182,C2
0.8684322434187869,0.7039894069480974,C2
0.9114933310488261,0.6674810853349944,C2
0.8752328701638383,0.6703177854490595,C2
0.7947282196121946,0.6846080896435406,C2
0.7636910775746997,0.6355604434820232,C2
0.6848337728218837,0.7468965477187048,C2
0.6300565862018089,0.7441453516344647,C2
0.4802515846668423,0.7742929250621409,C2
0.47749190555745447,0.755185018869474,C2
0.5507681698442007,0.7441726407120475,C2
0.20360508382777193,0.7222309134113867,C2
0.2526879518244568,0.6749860432633923,C2
0.24692154384486661,0.7346503878628751,C2
0.37920780516714253,0.7144755671686593,C2
0.3398154087311417,0.691479078373018,C2
0.41247409310136773,0.7494477502344753,C2
0.49087864109343327,0.7173182590951627,C2
0.4384359869573672,0.6660935168643954,C2
0.45920801213568285,0.7240861500560933,C2
0.5253304758503241,0.6958742508512417,C2
0.5394152519260668,0.7167970441297018,C2
0.5932465375816519,0.6321940306630953,C2
0.6672896292869488,0.682472226741343,C2
0.5988633250949168,0.6835466950222722,C2
0.5946348479119551,0.6520557736356082,C2
0.7238808716695998,0.7144276177566447,C2
0.6808228955891975,0.7034789094279995,C2
0.7022735551069326,0.6681113731110423,C2
0.6661959994779251,0.6572235248555701,C2
0.603786201899403,0.6333583953371463,C2
0.6526025890226066,0.635348266403197,C2
0.6601359737496864,0.7314942429601793,C2
0.7306707701866222,0.6954740304318969,C2
0.6712998391956156,0.6756491380636195,C2
0.49347413190497674,0.5079928149611617,C2
0.44012143245268903,0.5079268210438375,C2
0.49243476172772094,0.47346637429855126,C2
0.48701390532214683,0.5489457821614582,C2
0.4344155076940562,0.5277321550603402,C2
0.42335355488300686,0.5443484001750063,C2
0.4292132541266248,0.5946957194736269,C2
0.4089565070493397,0.6098798712073723,C2
0.42576567031650153,0.6109804177590109,C2
0.3953013549890273,0.6376463959558124,C2
0.3804480649772595,0.5467776668297797,C2
0.34934704291132185,0.5636093179851298,C2
0.3589064585237546,0.5697196906673027,C2
0.33788554650400476,0.533573717191015,C2
0.35660568110941454,0.5347286562283791,C2
0.3272341850872713,0.5294622014544972,C2
0.3251523103613022,0.5497440455357009,C2
0.34702885374920206,0.5359205983755231,C2
0.3593979084238771,0.5393522894282092,C2
0.24962357412236258,0.49649705966535,C2
0.3106955575441747,0.45886448290912085,C2
0.3088591161762183,0.5111934093602549,C2
0.3303988722166895,0.5432035019527468,C2
0.33258126482501876,0.497993583948675,C2
0.3778646568463765,0.47661715235303975,C2
0.28301624508209783,0.44830866898881216,C2
0.36110062396669335,0.46613612172745367,C2
0.22523939525970268,0.40599371260026745,C2
0.2377746391014377,0.34681202801324645,C2
0.24229099751148325,0.32910571979529185,C2
0.3242325028265483,0.3712426517003175,C2
0.28713127384609377,0.2998220587770304,C2
0.3054894299557675,0.2535854445981295,C2
0.3149301189212424,0.30621912939005264,C2
0.25290710088604,0.24072714663732217,C2
0.2590370039540125,0.22559074969239748,C2
0.2555420542601298,0.21150357697039956,C2
0.26878159474081265,0.28441534194717405,C2
0.29332321249402676,0.26023227400057775,C2
0.2517136324720251,0.26596919878371883,C2
0.2941675861802302,0.2661434796431398,C2
0.29701861903074855,0.3341923417432342,C2
0.3499696569102179,0.40881415944485644,C2
0.27842933708944523,0.38826540053218206,C2
0.35120260851761076,0.45980690330838603,C2
0.2742114422013862,0.5433291913487414,C2
0.3190826653607295,0.5167610618284554,C2
0.33583949119747925,0.5444975460377033,C2
0.36006254532371074,0.5814993096593831,C2
0.4166868974505872,0.5139700144848806,C2
0.36823765643558165,0.5315254628275178,C2
0.3419047003601329,0.49624641472967473,C2
0.434365571720564,0.5425987239958141,C2
0.3423151903387588,0.6154926858312337,C2
0.40380514678527424,0.5257064364113336,C2
0.29316049239250574,0.46238590205474406,C2
0.31866205157513106,0.45510612228601643,C2
0.3212057811509268,0.40809589683812564,C2
0.30088389020773487,0.3877688336278394,C2
0.3509532056085762,0.3866682123631349,C2
0.2517850808219081,0.3351403231099873,C2
0.3069838875187747,0.379543165110844,C2
0.2905950949042546,0.38927937743260527,C2
0.2945632755456004,0.3476518641772772,C2
0.272367104884113,0.3143008255650204,C2
0.27893503776936135,0.2999204722287296,C2
0.23610381770193867,0.2550365945113314,C2
0.24602204492053734,0.35837952273577667,C2
0.2477058385629174,0.31726649063866275,C2
0.24202396937844173,0.24921593291236033,C2
0.26174781590574636,0.2558817218098271,C2
0.1862061260230952,0.17958190690825226,C2
0.22339757761672177,0.158259951934357,C2
0.14058494173645986,0.19606186834492037,C2
0.12378863505429726,0.19085360028067846,C2
0.10780910957285583,0.24980335101010548,C2
0.11117645720971825,0.21390568257286766,C2
0.0890753511954866,0.24117472134740375,C2
0.040413084765162574,0.19019339691559317,C2
0.11568514615447228,0.34063173116754486,C2
0.17877335693759588,0.264983195217948,C2
0.20608000545830527,0.28559376964617544,C2
0.18011229944855509,0.2344611246167574,C2
0.1332250758253105,0.2610190235248162,C2
0.14166669810932553,0.22028386449614165,C2
0.18173389332014156,0.1622471397726037,C2
0.19548699212212373,0.21079465097965328,C2
0.20738013982520412,0.22650130501664356,C2
0.14900884895859884,0.18652549030662377,C2
0.17035533418128,0.22803854150273412,C2
0.1666872839854926,0.1933329487299132,C2
0.18052813044359137,0.24044411581550812,C2
0.18804180950528862,0.20591150812807774,C2
0.19467897610083712,0.24991753766093944,C2
0.19800547237298494,0.24907427377939487,C2
0.183266508493331,0.2388139546087099,C2
0.17369989259275537,0.2192715256067129,C2
0.22394667680519248,0.21755963646106918,C2
0.18051861707089428,0.20294961744760395,C2
0.14477263752026084,0.25904984233638284,C2
0.22667711032277998,0.25460095322112497,C2
0.18652341137945117,0.2618017777583344,C2
0.1052079509129496,0.2329658157714079,C2
0.16878876020182024,0.27804911095310375,C2
0.12384050847063972,0.3368036365136487,C2
0.13072378114112893,0.2951154503502623,C2
0.11149596589371519,0.30214541123655986,C2
0.18735108293670855,0.2811785086891449,C2
0.15726816851559203,0.3021243625980203,C2
0.17716285396854484,0.19563235351165997,C2
0.2093006477395537,0.23086429489804433,C2
0.16554901219038862,0.3294672890072573,C2
0.18677232976855584,0.23380259371027853,C2
0.20679766333967872,0.24669098335797793,C2
0.15484136794385386,0.2768294324743665,C2
0.30247670429172546,0.23034412760935347,C2
0.19188791755489418,0.30966848260730234,C2
0.1824372111700977,0.27118614829866616,C2
0.2083711102979208,0.2855512259860294,C2
0.2231831778276873,0.2738190215449089,C2
0.2016857950327163,0.3083716045005208,C2
0.2240364555836494,0.26621004791297004,C2
0.21849115353102924,0.29411445280834386,C2
0.2092993969318639,0.2843635787852918,C2
0.21611331806597434,0.3848565780580063,C2
0.285600721946213,0.30249022756092664,C2
0.2643236711681616,0.31454788826900415,C2
0.2286831053417557,0.2660868747712489,C2
0.222011826214685,0.23810127988766025,C2
0.18345118910019453,0.2771291585698881,C2
0.15173929435766775,0.29655280929936206,C2
0.22837301486243208,0.3402905777870651,C2
0.18569319969670903,0.6698905976414044,C2
0.16513017254558454,0.6827252200998368,C2
0.06640694007834207,0.719900735995002,C2
0.14033939762994233,0.6719392715524729,C2
0.1666105760577317,0.6851310980415226,C2
0.10796489504790324,0.6858647591157737,C2
0.1850053682267295,0.7242424568620736,C2
0.1601097816939934,0.6803535306648981,C2
0.12595748219017963,0.6302359868086993,C2
0.11177357419377038,0.6511502028548848,C2
0.16213633724521417,0.6176408441789659,C2
0.17656200744293568,0.6301069488819031,C2
0.10666148046739965,0.6396674968162235,C2
0.14758687099849893,0.6665698618348186,C2
0.17983081269855708,0.6179235724079782,C2
0.12426892580019758,0.6221231741409576,C2
0.19723278180081827,0.5775155440861321,C2
0.1640499023994505,0.615668247516213,C2
0.1585960167222509,0.6439682427499612,C2
0.196059882915267,0.676865765709326,C2
0.19806976197359416,0.64598488195992,C2
0.1182838321024253,0.5853561833841228,C2
0.18141399181392193,0.5127215805655791,C2
0.1932495794605143,0.6376996593802029,C2
0.11771861593643906,0.582233528475862,C2
0.9071468367577883,0.7013520648197499,C2
0.8778762643481643,0.6875060824987377,C2
0.8925236977851368,0.6707161318175345,C2
0.9210514795724941,0.690892821199788,C2
0.8597138686723256,0.6490287521262401,C2
0.8590255998127727,0.6479395412449555,C2
0.8652104430399715,0.6845558128713078,C2
0.969142788074782,0.5896629261430328,C2
0.941168099204567,0.6022452445262038,C2
0.91523855223465,0.594308828690363,C2
0.9759913182489417,0.5872235838756666,C2
0.9453010236192227,0.5588592201905754,C2
0.9528767867419679,0.5513215404417936,C2
0.9686789038284535,0.5464833455795457,C2
0.8158662228944524,0.5555044320388636,C2
0.898231154837517,0.4884873254684256,C2
0.931600523230214,0.4411987704047355,C2
0.9189179205275969,0.5346892991072085,C2
0.84869441356205,0.4151318091266593,C2
0.8590323539017464,0.5103499676945273,C2
0.8733526930226103,0.4492225637284219,C2
0.878624244697768,0.4024061124440134,C2
0.8799251089280189,0.42435919738863953,C2
0.861374783508451,0.38174442314007495,C2
0.8485987415356178,0.38306563004202565,C2
0.8542007766559757,0.38270128934942466,C2
0.9431029810106843,0.4013725271151035,C2
0.8392055356786754,0.43448132138089124,C2
0.8593363454407581,0.42195812526048343,C2
0.9155185968605073,0.4231855873554003,C2
0.8810144331646667,0.48390521226133376,C2
0.8772725567552238,0.476697079067436,C2
0.8744597244130143,0.5021804143954446,C2
0.9347493329769871,0.4539202966839593,C2
0.9248366895324842,0.4935038262617175,C2
0.9558088418305529,0.5266682445004569,C2
0.9111930094709991,0.5437387228603171,C2
0.9929525234748809,0.5431786500266864,C2
0.9131823165088402,0.6743464582468744,C2
0.9214490863717442,0.5988570089792021,C2
0.9858597012500693,0.6595809281896753,C2
0.914573090868738,0.5439115087001483,C2
0.9048981979558733,0.49668012017071944,C2
0.846885334681502,0.5437009438079049,C2
0.8906543070710705,0.5108118229743551,C2
0.9347107610513805,0.48036267628235474,C2
0.8545701349474581,0.5394395326195728,C2
0.8094982456775499,0.4498110419688365,C2
0.8865762243806427,0.4965367376547003,C2
0.8225736616393122,0.45660699468068466,C2
0.9142815139633301,0.5290345600921108,C2
0.9128276722987554,0.671348218905769,C2
0.9518713696807161,0.5920410190132429,C2
0.8992956439105825,0.5940153046524551,C2
0.8899278958550964,0.6834058977343286,C2
0.01267005520263555,0.8648188215653694,C1
0.03376676542320987,0.9595830877587359,C1
0.09608221732332285,0.965412795231723,C1
0.12692365077376422,0.9592408348904813,C1
0.11300166517147599,0.8937189978631617,C1
0.11370040579475921,0.9029580396383574,C1
0.16055586151651038,0.9484725499131773,C1
0.11203791306988503,0.9196697416052706,C1
0.1480259291877825,0.8960281753657731,C1
0.07123139569227502,0.9106358420213859,C1
0.09642774369636836,0.8823485245335816,C1
0.03348625446976912,0.9348775551310509,C1
0.03969377615767749,0.9576445190538796,C1
0.06596270859785387,0.9153457418805567,C1
0.10317930938125684,0.8501140320238086,C1
0.11625395301558741,0.8461567791391711,C1
0.16066197148352335,0.9065633764241595,C1
0.17892593912080682,0.8459488826056913,C1
0.2231178668919918,0.9041190359308572,C1
0.21831590000025528,0.8719988315874727,C1
0.331907700595911,0.9146009413216539,C1
0.35639699429619215,0.8978622366605994,C1
0.33722392406155155,0.8900558464265642,C1
0.3713078363319152,0.9821256752999143,C1
0.5091301951579789,0.910549458570222,C1
0.5019052153031853,0.9986099578597966,C1
0.5220624917081605,0.9556307752758425,C1
0.5053437278927893,0.9695587995053804,C1
0.6344367984998911,0.981139223112346,C1
0.6092032602044791,0.957162919710496,C1
0.667084267371065,0.9513807616342843,C1
0.6988191531758825,0.9784169946480173,C1
0.6297384374121965,0.8879071465120382,C1
0.7462208869356755,0.9374996637799634,C1
0.8232162983934089,0.8629453662596749,C1
0.8483480477319905,0.8918108784228742,C1
0.8323685267525788,0.9314875069447751,C1
0.8552661970127944,0.8618325389752285,C1
0.892927065219058,0.8050063304124433,C1
0.9160314843934664,0.8832332119594887,C1
0.900974512447221,0.8516815388337431,C1
0.9201963346973594,0.8649870572714626,C1
0.894480362087235,0.8593223121067873,C1
0.862335591791529,0.8797150097211809,C1
0.8171458343920404,0.8247358399187521,C1
0.8151715436657498,0.7249542934349338,C1
0.7253921160316241,0.8500813006882949,C1
0.7178935728031715,0.8280269432020098,C1
0.6568295011384233,0.7958342854503595,C1
0.6348546741904829,0.8307760121556894,C1
0.6043271165563243,0.8234140915268283,C1
0.5509352985124316,0.8273833128781187,C1
0.5432136474159055,0.8012655040508062,C1
0.4658537011041123,0.8561394548306408,C1
0.423713993579907,0.8224259466759939,C1
0.4139391856352035,0.8236586242131835,C1
0.3868006217061453,0.8027339590646612,C1
0.34664075833406394,0.8599195485566247,C1
0.33691628272211527,0.8215065347076087,C1
0.40182823396305517,0.7804849903631056,C1
0.2808740615195615,0.8478649799794088,C1
0.2649882783927501,0.8062410760231666,C1
0.22714812535677828,0.7733816718624026,C1
0.2888251276131053,0.7976388961848258,C1
0.20841806113910705,0.7705221451704323,C1
0.27908489017463123,0.8102480445729427,C1
0.2702754213072097,0.7630414444049061,C1
0.3918423904831331,0.8028911872859622,C1
0.2715296715871051,0.7958981897576923,C1
0.31453692699983177,0.7452642252151713,C1
0.34505561641913535,0.7999916981197177,C1
0.4098154390574295,0.8095380308078244,C1
0.28973228105107074,0.795622991622449,C1
0.3095033537140528,0.8057302876848721,C1
0.27587824062977856,0.7318238549186785,C1
0.3413337038627048,0.8355858458684752,C1
0.3638616302418988,0.8227356920791771,C1
0.37040943917439534,0.8079680359722684,C1
0.36581389234601036,0.8158231283806876,C1
0.3184442585557033,0.8131571762004965,C1
0.2111380518524046,0.9121061753845406,C1
0.1509700453839307,0.9522321146570735,C1
0.1967644290492525,0.9079468284233857,C1
0.20589173587766402,0.8468951485391049,C1
0.20094492865871016,0.833090344532641,C1
0.13072334140238226,0.8528588884774102,C1
0.21644303227316655,0.9161098827176363,C1
0.12916024276313365,0.796491272684433,C1
0.16019721002042453,0.8407755883661531,C1
0.17685614396199303,0.8671767507233099,C1
0.14589687529431522,0.8104069055320015,C1
0.1381975180010471,0.8313168772074602,C1
0.08726659731388117,0.8532985984166304,C1
0.04720238809814272,0.859266265246759,C1
0.12219204903956217,0.8421141873959982,C1
0.04046054857780676,0.802283747142511,C1
0.03098295592756735,0.8215581390927365,C1
0.06791215706391318,0.8410441493884675,C1
0.028701243656804314,0.845642318241057,C1
0.01931956730355277,0.8714666052315605,C1
0.016797850186361866,0.793590744180514,C1
0.03857399572132976,0.7483027028912644,C1
0.010391216884032602,0.7207834287198541,C1
0.018201839828865606,0.6397848818789676,C1
0.020471170614920244,0.6154682133547601,C1
0.011696150399918701,0.6775749581232713,C1
0.06692235101883304,0.6376179010606966,C1
0.02892152484879195,0.6553832009043093,C1
0.012005295258514938,0.666551285765279,C1
0.07850784908233976,0.6492222034276278,C1
0.06439392493020996,0.6864956260675887,C1
0.046050863894791016,0.618276731370773,C1
0.02491710476818056,0.5935622697915935,C1
0.013546529216669163,0.5946400606376551,C1
0.07254796905164307,0.5180058287200966,C1
0.10935627008072873,0.5592655852831363,C1
0.025570822680203283,0.5979617234973165,C1
0.04290406090076672,0.5934421802657568,C1
0.11304702176493484,0.5560132036038261,C1
0.10950138159724457,0.5656612924999149,C1
0.14624957235112818,0.519129488952713,C1
0.11261094489645046,0.5645804135641705,C1
0.1300469336914942,0.503807277681224,C1
0.1109871783484995,0.49577435542653275,C1
0.17294664929164436,0.5065651067677559,C1
0.15774072246529136,0.4649877151296693,C1
0.18049464977637217,0.5442125782742576,C1
0.1825924517072285,0.47506612270261583,C1
0.14910435384965406,0.5058755554585131,C1
0.1948267841661254,0.5207795262818091,C1
0.15324806378095127,0.4461628802894188,C1
0.11491277200191068,0.40332960048056093,C1
0.08859833899155176,0.41099218845236724,C1
0.07136211136169818,0.45221483795124245,C1
0.07126139671050954,0.39981968356740755,C1
0.07441411009014584,0.3998379334247567,C1
0.053495881835980086,0.3617517291772088,C1
0.02381446145571882,0.3346056147577924,C1
0.10300382832069556,0.31675908266440583,C1
0.04283001433350702,0.2910302629436964,C1
0.07370560933881365,0.31314093823891825,C1
0.033221923967295466,0.322940024282433,C1
0.018596110266185087,0.36272827362598,C1
0.08589310364837863,0.4250147687906066,C1
0.06738764053162527,0.45322222515310784,C1
0.08654651283409681,0.4351672926933322,C1
0.03636011038919654,0.49902540671028833,C1
0.019366092547609657,0.5252192537594893,C1
0.06468355390087638,0.47238988376646807,C1
0.06142201259819177,0.4987371419523061,C1
0.07742570576464566,0.5228576610079148,C1
0.1146697082631284,0.5465291042776611,C1
0.08806716805150547,0.48894767694519614,C1
0.14508566719953936,0.5934242649510869,C1
0.20354348595814983,0.5362078301695424,C1
0.18121151957562823,0.4779639702398647,C1
0.23583751698100683,0.5764764404688334,C1
0.23577294189511183,0.4558553226978082,C1
0.26270941886460053,0.4398781920521768,C1
0.2858823223055413,0.4181939630380089,C1
0.20586488444043521,0.486847827505415,C1
0.3122228346738406,0.48392290615635797,C1
0.2151688377352968,0.47810776076513223,C1
0.20089218101725378,0.4400545404659155,C1
0.18436266813507035,0.39580882559440295,C1
0.11799504237306412,0.4354940184080304,C1
0.10864671515365985,0.3866257830703551,C1
0.12435703416577798,0.3595153347221104,C1
0.017454132241073873,0.45662722698757985,C1
0.10752778273360114,0.3693286356414507,C1
0.05743546330129648,0.37972863478942115,C1
0.06332050917538058,0.4082495899433706,C1
0.07201077031362653,0.410202708564844,C1
0.07634363624542952,0.3110833218901999,C1
0.026337829366613802,0.2919626699346491,C1
0.07175648888666776,0.21732808912126306,C1
0.0075010410978515706,0.2115892781112423,C1
0.06286321561459199,0.16135943867245978,C1
0.007495575298816573,0.14321641685488845,C1
0.0035819016450336708,0.17562597345766434,C1
0.017325938143491374,0.10290891807937726,C1
0.046155843077939254,0.10899807138083914,C1
0.07707063451192636,0.06579790598947344,C1
0.012681502631154987,0.10107698511808388,C1
0.04974036867591634,0.07303984062896551,C1
0.032855854951676464,0.08566681454374189,C1
0.05806223523141492,0.025668887893075185,C1
0.04346997882699249,0.09315926397624619,C1
0.16924568565679127,0.02095393296456896,C1
0.0559283610441989,0.10891354704736052,C1
0.11453777844249316,0.08966294257925139,C1
0.1250323254190355,0.09740107463924283,C1
0.12017164233342305,0.11496205956130119,C1
0.10824943788711539,0.161580139993676,C1
0.11834970587468815,0.11707391009047725,C1
0.13299908909432578,0.16063539711515482,C1
0.0492744134566082,0.0744380009627995,C1
0.049800170153139575,0.12042022537578141,C1
0.08434280944081943,0.12517290414565738,C1
0.11682351081307318,0.09348045201660583,C1
0.12548417005623358,0.0981878269288271,C1
0.15723773829120594,0.08197016519603086,C1
0.15824414051795552,0.08311134416723545,C1
0.16700569633590293,0.07130929668107636,C1
0.16422167369124305,0.08059828181130121,C1
0.20407944564110872,0.09324991108830259,C1
0.2044338990860399,0.05073302223627525,C1
0.22999639503499028,0.08271879647689419,C1
0.1613094403978314,0.13369576317786447,C1
0.16918937981656282,0.1557766924784695,C1
0.10847081856895624,0.1296471078132674,C1
0.20685695291365871,0.11253390446562575,C1
0.18761552901591305,0.05277241044520818,C1
0.21651651932780142,0.10991403588785305,C1
0.19260455372672775,0.060521650004361036,C1
0.2059610932800405,0.06922197710055322,C1
0.21981483219866915,0.049906559696246224,C1
0.2564783007307353,0.09554768722325134,C1
0.2160527144152693,0.1426670420375133,C1
0.26164846648941253,0.0815176094659382,C1
0.2922505094851016,0.10114158083503909,C1
0.25251968717514206,0.029393573369369118,C1
0.26009379528610077,0.15422879088237892,C1
0.20481715415749,0.09194648969543551,C1
0.31471141577720985,0.020895747112464537,C1
0.36452126928273704,0.07932741332595114,C1
0.3327532476729135,0.04890400993724373,C1
0.3413876503079223,0.04873647058531442,C1
0.31994699498778967,0.057474538149293715,C1
0.4112756249452661,0.11184463196068398,C1
0.41797029825567145,0.0633113466541542,C1
0.4395917233395441,0.047946480170240495,C1
0.43893950170021534,0.05655729011015481,C1
0.43100530247269386,0.10633972478766662,C1
0.3603071604209264,0.0957810773770038,C1
0.3417265732884557,0.13338936641400395,C1
0.39474858703721305,0.15853737848416816,C1
0.3931193865517262,0.20013622641095502,C1
0.3089168409925489,0.2648357825482214,C1
0.40756680422964026,0.21712789437422433,C1
0.43720492467367816,0.18532029482264642,C1
0.41732894852135943,0.26962756279155725,C1
0.3939185682297396,0.2959995851364756,C1
0.34834624826815064,0.37291127295087556,C1
0.33696606660192086,0.25426115378639624,C1
0.370839114029109,0.2976131041805613,C1
0.42261926733727356,0.2428740476429021,C1
0.41159052237013233,0.3292102374215666,C1
0.3123609698271035,0.2862337321430414,C1
0.35062333630952425,0.37790307059433653,C1
0.29292916041491784,0.32791193541630154,C1
0.3406313148382873,0.3801838417723644,C1
0.37175470399932775,0.37683842253014754,C1
0.3508498145182886,0.444675416667163,C1
0.40229713180850846,0.3870460282648612,C1
0.402848804109152,0.37596596105088886,C1
0.4004683687995424,0.455865425947951,C1
0.4449152248242989,0.4060862574416737,C1
0.40503687264239185,0.49457206694137434,C1
0.3872087968005232,0.43182687154902194,C1
0.38523638434883806,0.42190428643679034,C1
0.4099247268457991,0.39054927887307755,C1
0.4017542127407541,0.25769684823274086,C1
0.42501690139420606,0.3726798038427037,C1
0.3157210921417636,0.2643229936876279,C1
0.42916045856430485,0.2765791556952971,C1
0.3259724086821602,0.23224869996726477,C1
0.38637335545155166,0.1964387435360243,C1
0.39848243602812716,0.22982867039154098,C1
0.3887032547401202,0.17846022760063535,C1
0.37796817376662195,0.17861883132201073,C1
0.3974269652466486,0.1898864744429269,C1
0.384760758448217,0.1787042242378017,C1
0.42486855603767554,0.25206072783586675,C1
0.45388690271958676,0.28772034870008306,C1
0.4693698284596115,0.2712827897985358,C1
0.45914416228223975,0.2574929193477711,C1
0.49334695217346797,0.2454962035582731,C1
0.5085967407356051,0.33226574177877427,C1
0.494454468966167,0.2775248098516421,C1
0.4819347987255206,0.2971676736228811,C1
0.41866809516706516,0.2706805990050174,C1
0.41891134558545057,0.30060098394217244,C1
0.5095468720246904,0.27462596414126256,C1
0.4478628919290446,0.19777201674521877,C1
0.46220606220170607,0.2030359499107918,C1
0.4752234043230417,0.20382870865268163,C1
0.4072818223778974,0.19825143569347387,C1
0.4504802435417345,0.27699506069246227,C1
0.3928994666370449,0.3005618119741346,C1
0.3533429891319039,0.3506175664271094,C1
0.41761285481237853,0.39373281178744796,C1
0.4415540634374309,0.44601770871501806,C1
0.446917334524637,0.31804037969757226,C1
0.4031565768101188,0.39163400132638865,C1
0.37996172249980986,0.2532059391500136,C1
0.3567036141928704,0.22503882265116415,C1
0.35416710256357953,0.20708039060032832,C1
0.3907007008610661,0.22388328179573408,C1
0.4775004876086185,0.20402874703318438,C1
0.3831103647738586,0.20128527645898497,C1
0.3691518958708562,0.08544627428737119,C1
0.36881133941210303,0.09458518862259223,C1
0.33734032704132744,0.027288862714024607,C1
0.3725287865806539,0.1558732527708524,C1
0.34525726715109745,0.2098112152420782,C1
0.41966325820513833,0.24996670291018144,C1
0.3574602159609891,0.3282463131050582,C1
0.36817736036044596,0.3396723427068954,C1
0.40454511859887926,0.4206590834371318,C1
0.39973996163358533,0.3988388895453958,C1
0.4451791641485715,0.4020077492270958,C1
0.4501750103819458,0.34186145228277354,C1
0.43441918927917017,0.34457473547499384,C1
0.4392724904766451,0.31303234712010686,C1
0.4435567479017772,0.2083440756709085,C1
0.47084858170708266,0.19880814746461034,C1
0.41162520038606526,0.177355799853572,C1
0.41973174830426035,0.17907967794724525,C1
0.41780825295751184,0.11650724774461907,C1
0.5091706711879415,0.07138420051191244,C1
0.5263376280978477,0.15319135328693384,C1
0.4589855919834653,0.09948862605232603,C1
0.49059344874096716,0.1667321970518949,C1
0.5237221012406259,0.2850754562937338,C1
0.4831350928557772,0.2882588896186261,C1
0.4301407620869946,0.4037045182176653,C1
0.39365181328808957,0.33423709815228936,C1
0.4486306540071019,0.3334664740572221,C1
0.4442694088674497,0.4100822044282017,C1
0.4157633563212128,0.31525832065556036,C1
0.36697628115882447,0.28402165132171175,C1
0.4167426509984478,0.24374237595000434,C1
0.39658651685179175,0.3041472874536761,C1
0.35720702289129624,0.20799469808738064,C1
0.26078205279851574,0.16488644839859484,C1
0.27389736658079744,0.1295504466901875,C1
0.31280964542824136,0.09867027444893187,C1
0.28169249601136953,0.03639756134397365,C1
0.2514914001728359,0.14195996873611483,C1
0.3095371168312268,0.13767400301529972,C1
0.3833243690287696,0.26044226527500824,C1
0.3477341401214733,0.2551813903484249,C1
0.44149029098544523,0.2867121718802051,C1
0.3673212463362672,0.27491141021765386,C1
0.35566505314025526,0.2234493293484591,C1
0.3674090188954019,0.2558612681960188,C1
0.3632485937981456,0.22591282451501055,C1
0.33314018337268675,0.10299323286612166,C1
0.3020118999977254,0.1621178609054089,C1
0.3523356268870167,0.13645974558093654,C1
0.3817459363904739,0.19771855533301716,C1
0.37783731680700133,0.20253023709546253,C1
0.3381180699422959,0.3178851776726301,C1
0.35813132153835814,0.21423013834606733,C1
0.4172151796559391,0.2003965350689302,C1
0.35616448133793954,0.2241661251950874,C1
0.3201216975673006,0.10016693603951173,C1
0.34106251472633564,0.11612610075143316,C1
0.31817797508497225,0.18119597289596914,C1
0.36920685908632106,0.2031570687215273,C1
0.38545333825696537,0.2641702041466892,C1
0.41875320516671216,0.2453640772079586,C1
0.36799272641138187,0.2367415270856302,C1
0.35265520488713914,0.16382098555913008,C1
0.29592308277799306,0.1965195640988195,C1
0.44529589735994296,0.17785980772011376,C1
0.41222709837953264,0.25418596409412464,C1
0.42263090793596336,0.2713098877129141,C1
0.39807589092918344,0.29095255473120724,C1
0.38005486914199604,0.22487502212898455,C1
0.36763297774848974,0.15887889797456006,C1
0.33303596668846003,0.08933771158595105,C1
0.29941709460472454,0.15312126606201734,C1
0.4012066487443224,0.1817485319311537,C1
0.4159319374688985,0.14975620801863643,C1
0.3859241657043194,0.08418174899877578,C1
0.42285099864324827,0.10893691224124609,C1
0.39435468361812176,0.05953321772158633,C1
0.45080883296386753,0.07265775318154333,C1
0.42632564946351087,0.01920937732794331,C1
0.46828384829623126,0.06103297824113102,C1
0.477123123857237,0.015252238496601352,C1
0.4187769305344027,0.033429866995429325,C1
0.4935364484895514,0.022834843936139743,C1
0.5274346928874546,0.03671086932960311,C1
0.5761539895742572,0.054165046329022234,C1
0.5629359970181116,0.023457981074157915,C1
0.6117084851392519,0.022171217441457194,C1
0.5930390503013401,0.014129155207006909,C1
0.57057937256354,0.04783002150181487,C1
0.6401216583477046,0.10846538484035342,C1
0.6526379782381251,0.08740401063519461,C1
0.7570342293916823,0.12382395768772261,C1
0.7174264596294416,0.014666788444308312,C1
0.7229509684593718,0.11445340890461102,C1
0.7134876855228816,0.07873758172930694,C1
0.7488953181784612,0.09938431074605125,C1
0.8133540802919408,0.12923554709051135,C1
0.8049430325820149,0.0875520985013821,C1
0.7921656285125863,0.1039438515806083,C1
0.7232717854466553,0.12647580431351785,C1
0.7918106743047305,0.18548247399942097,C1
0.7274100205224289,0.13954589387715008,C1
0.7500077036352482,0.175215117847674,C1
0.69804770353168,0.1531141624889755,C1
0.726298607353018,0.13471862156335615,C1
0.7474876663307649,0.15034342270936393,C1
0.7104438971051881,0.13422021043107774,C1
0.743783446012367,0.1873565205380166,C1
0.68206426370704,0.21973837309245492,C1
0.7470845266567249,0.15287194492429435,C1
0.739256832452483,0.2458038190564148,C1
0.7738225744735763,0.24923242302229742,C1
0.7042422671012618,0.24212250087574083,C1
0.611481043148349,0.5021739988560787,C1
0.6173187077861347,0.4670255544502806,C1
0.6049159132839428,0.3943834181447088,C1
0.6417165671092789,0.44330067262822515,C1
0.6552212239658701,0.4426176463828596,C1
0.6933276838276906,0.45449069151202803,C1
0.6030658882904195,0.48043848891935764,C1
0.6646105583574048,0.514327904499126,C1
0.6446617756224795,0.48959655623126613,C1
0.6152723023092995,0.5317521639922973,C1
0.5892802018834931,0.5042044739411902,C1
0.6253877306563367,0.49838260204191054,C1
0.5908468494714797,0.5534221270887238,C1
0.6175459799049557,0.5273876744884487,C1
0.6278769423163038,0.5393154436909829,C1
0.5640913806866976,0.5329980827558366,C1
0.5956940798663065,0.49004564257236477,C1
0.5906566729095405,0.49436648827244084,C1
0.5796025141901164,0.586587899906481,C1
0.5867127965349496,0.5048844107361163,C1
0.5885874165164519,0.48958852153463206,C1
0.5750824223069473,0.4922588624840432,C1
0.5868758195594144,0.4904049878561735,C1
0.6238366316452225,0.5030570645764099,C1
0.6103982731537042,0.5189776929754614,C1
0.6130998214895051,0.5051588312389732,C1
0.5143130020257762,0.5958441196218691,C1
0.5968590448341642,0.4363780375487467,C1
0.6205872102355651,0.5701440712535688,C1
0.6097166987291093,0.5214683643813112,C1
0.6576040798268302,0.5288409301784273,C1
0.5702073910750952,0.5619427982782845,C1
0.6148879468069771,0.4923824930766726,C1
0.6075572624221658,0.44879909061575374,C1
0.6143617633627767,0.4820610213484607,C1
0.6404182642011196,0.39826950525748916,C1
0.5695959251956457,0.34063875881160466,C1
0.6695319178347868,0.38883786379392965,C1
0.6489009076031766,0.3287549254820463,C1
0.6078132432140313,0.37548326484005845,C1
0.6109857585954513,0.3237565128862084,C1
0.6438761582410908,0.3960317455704386,C1
0.5986101769257133,0.4171752945142306,C1
0.5726731426030481,0.42257348752037466,C1
0.6605156393233554,0.46772843656334173,C1
0.6202378399859757,0.4411234848165269,C1
0.7145200041217245,0.48662508380506053,C1
0.6875259804245919,0.4293190864456179,C1
0.6381759589320382,0.4152852975812076,C1
0.7059583114322545,0.4742077414904357,C1
0.6472411242452762,0.49410610440629027,C1
0.6612764253103645,0.4404235357991668,C1
0.6201389117353739,0.4674923214983463,C1
0.7433291151070839,0.42470737885276716,C1
0.7252213710068808,0.470886806375281,C1
0.7422980877683028,0.4593457928686721,C1
0.6698430797320787,0.40398894016254466,C1
0.7325453279533106,0.42252764727217823,C1
0.8466950552475467,0.43416361112464613,C1
0.7659306368141743,0.42221921780089033,C1
0.6741391459659385,0.3871940841767554,C1
0.7992615804512426,0.4216937776948205,C1
0.7520299562119415,0.33380408610892,C1
0.7811680886439649,0.39143870919508805,C1
0.7339892178997,0.38258808074790823,C1
0.7560268402666731,0.34665493891596466,C1
0.7551490971748096,0.38833683907504934,C1
0.7653565751617736,0.3376020470922361,C1
0.7775885118734192,0.40510724860054614,C1
0.792804570372244,0.34233550291161585,C1
0.7585098299825994,0.3755019897567573,C1
0.772818077697928,0.3416182958878514,C1
0.7486099263862058,0.31648631549183365,C1
0.8343737079241732,0.3097447142718821,C1
0.7716529218986629,0.25630578893480405,C1
0.7768021502270132,0.3277368726173709,C1
0.7318883116100054,0.2778853791134267,C1
0.7764696940855688,0.31104375002916157,C1
0.7881716291694387,0.31479738163533566,C1
0.7370305620595484,0.30584402462211224,C1
0.7585689127797697,0.29700588239344733,C1
0.739973935266184,0.3494227268430267,C1
0.7509008197745222,0.2345017372650804,C1
0.7912033622017751,0.3279735632226434,C1
0.9002553660725835,0.8231855527556977,C1
0.9478446264709847,0.694255404158906,C1
0.9689477325346273,0.7353381815133834,C1
0.999473123075698,0.7321512485932655,C1
0.9921592606372296,0.7277708448315118,C1
0.9790933216555179,0.7753437921572559,C1
0.9697441546817505,0.826342213432973,C1
0.9790613221114219,0.815749760707811,C1
0.9032285079308998,0.8528525908830473,C1
0.938358378559609,0.828320493923745,C1
0.9320947575741507,0.8277480191325944,C1
0.9499413649526903,0.7371808809356009,C1
0.9853426076859193,0.7786056859132506,C1
0.9758143855899567,0.543496612700761,C1
0.9988470882852748,0.41395899264321917,C1
0.9626641471317466,0.35356624907195056,C1
0.951396322515519,0.30931907716094653,C1
0.9686149711823718,0.27501771362804106,C1
0.9444233257741956,0.3150272661564883,C1
0.9825659615614329,0.33475265419390293,C1
0.9743894654567453,0.4251110283860306,C1
0.9457044193767659,0.4291355591752483,C1
0.9658419067398765,0.4169683500093466,C1
0.971905716339782,0.4225826246398992,C1
0.9921253676888624,0.30162385803963876,C1
0.9983998790566755,0.30048193726297806,C1
0.8913670927759092,0.29181856100116677,C1
0.9472643210815804,0.29351619025082126,C1
0.935031228531396,0.3018998332303436,C1
0.950290798028644,0.33631504877771995,C1
0.9389968185424681,0.31678367917906936,C1
0.9330860531702542,0.3190790477587866,C1
0.9675854892739998,0.2144586440358136,C1
0.9363472922575705,0.19853949656003766,C1
0.9701636786766411,0.23830856312534215,C1
0.9715256110155724,0.18993512967765475,C1
0.9665694206279118,0.1508627640078342,C1
0.9694461573691635,0.14380525418631454,C1
0.9824174800435993,0.09250173011421091,C1
0.967346049346911,0.052699739140352926,C1
0.9692486854198804,0.12934700494643417,C1
0.9726369338068979,0.10543472280324886,C1
0.9837272387339555,0.12084478155939486,C1
0.9531403297342176,0.035571808042078615,C1
0.917149614189491,0.02383938975720519,C1
0.8728829730508019,0.11898918621154528,C1
0.9265206268099427,0.09708175164654786,C1
0.9091291882466034,0.08885262257598175,C1
0.8832384237039209,0.057649166501972514,C1
0.9305262822714457,0.047061511988450794,C1
0.9129416087318571,0.0386459954013984,C1
0.8547228598057177,0.009592000674284794,C1
0.8138885564580646,0.02677353986430566,C1
0.809632165814008,0.009610799059482863,C1
0.8311099105178547,0.03852586666003048,C1
0.7706488370671286,0.04359694376471058,C1
0.7857631969127715,0.023292693622835998,C1
0.7639291849552767,0.0003536507472362005,C1
0.7132011910743726,0.04382955187420249,C1
0.7925241874049328,0.02317339472613247,C1
0.7358421227574461,0.050571140244781626,C1
0.7395457991201291,0.046262590616402297,C1
0.7422577470840765,0.12003747469262661,C1
0.7703171621889002,0.08074980256259957,C1
0.7463075579063515,0.08884344547697419,C1
0.7519769066038692,0.019653565799136373,C1
0.7535009287986907,0.04842693401903252,C1
0.8018976450386024,0.023652868359912302,C1
0.7087374123648519,0.04226262943963386,C1
0.9993395330612069,0.9452545520152954,C1
0.963338447062225,0.9545894064514684,C1
0.9521346262678358,0.9883487003439271,C1
0.9077952257416746,0.9914082060286505,C1
0.956456419319073,0.9181826624334942,C1
0.9324358471192843,0.9632397660813177,C1
0.9073085949693265,0.9047989124606521,C1
0.9755904249474252,0.7965826954227786,C1
0.9789455411569119,0.8394116601200865,C1
0.9123260428322931,0.8774849126571213,C1
0.8702405823899125,0.8475472952953289,C1
0.8647141734013785,0.8198121205802339,C1
0.8586862754427638,0.7743198138643443,C1
0.8248952924446329,0.8744873617510689,C1
0.8087645093819021,0.8767288581158609,C1
0.8840187068005427,0.8878794996268262,C1
0.8195993109324614,0.9048834134966658,C1
0.8166849311549621,0.9108345868558432,C1
0.782386089255561,0.8779685982820666,C1
0.7847192385616812,0.8879272981920178,C1
0.8564377626089243,0.9102068719884786,C1
0.7869817187973088,0.8873511472139193,C1
0.8598074034985076,0.9220311185503346,C1
0.7073960947922633,0.8687151321595533,C1
0.7493418504997374,0.8826235930516738,C1
0.7250861194199969,0.9488340287405126,C1
0.724334476718015,0.8506544325774921,C1
0.7609271033468831,0.9089492466129612,C1
0.7345705078046428,0.827583934095404,C1
0.7004557701537322,0.8327625445797882,C1
0.7368986139696613,0.8725784022790184,C1
0.678640847883413,0.8943843243193045,C1
0.7459575133394731,0.8119893018047166,C1
0.7342466698364041,0.814924327138788,C1
0.8474996877358052,0.7864776938907098,C1
0.8369436825937517,0.7785722087778282,C1
0.8253165057607931,0.7608226535662734,C1
0.8054994146332848,0.8029846957647064,C1
0.8058618603184113,0.8296354771684764,C1
0.8154028162429257,0.7983831155358831,C1
0.7570044588152139,0.8205272759375201,C1
0.7178712349323287,0.8190437321317987,C1
0.7423611408435529,0.8749551931418373,C1
0.6233979342966116,0.8141302310347849,C1
0.5978901960603461,0.8361181576589254,C1
0.5034817755732546,0.8923393912942038,C1
0.5802033196352867,0.828690854124571,C1
0.5599339894332683,0.8933685708208153,C1
0.5348402374487898,0.8833161620441359,C1
0.44756216183116304,0.8620082150177941,C1
0.4314951906977772,0.8129556334922368,C1
0.4396416942532241,0.8065732667524177,C1
0.445970529213489,0.801700578609725,C1
0.44903046256788787,0.7153898501721702,C1
0.4584375575857403,0.7371162425192287,C1
0.4699193731849944,0.7671545521609849,C1
0.5334923353677449,0.8313042137588144,C1
0.5069329081012597,0.8244318224098108,C1
0.5242012891187195,0.7669500333529746,C1
0.4951142954763035,0.7710595154886668,C1
0.5288573465437,0.8171219108967009,C1
0.48157669088633653,0.8312092556582775,C1
0.4395547896321176,0.820699469609028,C1
0.3953398735295348,0.9009210370302234,C1
0.36692977807331106,0.8988869878724063,C1
0.4400120981777302,0.9034243369985414,C1
0.4380638229614236,0.92694019328732,C1
0.426380557799984,0.9210970990684261,C1
0.3537764050045118,0.9066208114953727,C1
0.4175594805559015,0.9399818374212884,C1
0.41095484871451515,0.8238641231955285,C1
0.4087437260533982,0.8029604825550801,C1
0.3764237722722519,0.7781689099522859,C1
0.41115097107230214,0.811147347161376,C1
0.3970650436499731,0.8126291984714545,C1
0.3095836282727864,0.799270711608679,C1
0.3281224181387045,0.7322479351685117,C1
0.2642589760668528,0.8338387897299968,C1
0.29893209846439633,0.8549839297877861,C1
0.24127529771929307,0.8637125194707723,C1
0.21198786270731357,0.9551626382932193,C1
0.257228782158706,0.938712669423007,C1
0.27779207442951537,0.9541305408383339,C1
0.28379351840401523,0.9522723378953001,C1
0.29279235417349553,0.9616337919242779,C1
0.31173209479912245,0.8791510059245893,C1
0.28840003415426396,0.8874632380821906,C1
0.2697197987723957,0.8012359712674023,C1
0.2072869769709785,0.7901698587259539,C1
0.2665978401866223,0.7906797766487937,C1
0.25520666602097264,0.7863233760988652,C1
0.23187781254672227,0.7751694478243489,C1
0.1463113809457974,0.838535469018201,C1
0.17601157717080243,0.7812750279468399,C1
0.25637489919035256,0.7751713829951941,C1
0.13469878801422888,0.8279851549069487,C1
0.15859082624534804,0.756210202068447,C1
0.1872865990278943,0.8113437588497588,C1
0.13001173895262944,0.783661042839025,C1
0.0505669233581909,0.8629660620560786,C1
0.06187677199190522,0.8742714186741489,C1
0.020720207516285324,0.8888036389292601,C1
0.07720887260206745,0.8774512822212245,C1
0.080750905631193,0.8035786567936517,C1
0.1215412263251448,0.8171380168656145,C1
0.15530767550026509,0.8098994572066082,C1
0.3456716885088343,0.8316015898363729,C1
0.5326558504738236,0.8858529272657959,C1
0.6248159176698482,0.913428887418907,C1
0.8138075954911875,0.985914531180372,C1
0.7929517074486956,0.9385546590781283,C1
0.7597323309743277,0.8993574792003702,C1
0.759447490874257,0.940023704767457,C1
0.7613080101903226,0.93198569382653,C1
0.7892397177231676,0.9747231978546692,C1
0.8048687908874996,0.9674959990705105,C1
0.7931484385522158,0.8907329769606326,C1
0.7596637164509665,0.8681201477279843,C1
0.7916637567130655,0.9200156565384864,C1
0.8045164728081139,0.9578992861077732,C1
0.9117364277655159,0.9596573370927635,C1
0.9605866731891644,0.9402666380266648,C1
0.869499350872069,0.8776637029359206,C1
0.8378374564428765,0.8576439451167999,C1
0.9089763832826995,0.850803950703144,C1
0.900058333932552,0.8235332801368431,C1
0.9638970896942095,0.8004321087171129,C1
0.9140311667034542,0.7668779772260024,C1
0.960761811655148,0.747354448151461,C1
0.9124242501022661,0.782241929840654,C1
0.927936850074991,0.7419106263780699,C1
0.9283265953657666,0.7369414565518477,C1
0.9433041513010594,0.7176141030151971,C1
0.8926683209785105,0.8432172745803155,C1
0.9053604860793905,0.760907002842841,C1
0.84157643735595,0.792384803792547,C1
0.7775890210688121,0.8217290303625535,C1
0.8157312363698586,0.8389173224311259,C1
0.7639467056409405,0.7912797404028328,C1
0.774380604756728,0.7364213192930574,C1
0.7297257327103304,0.8133908218286031,C1
0.7831872237584081,0.7714646746315638,C1
0.6789741765495972,0.886889645615689,C1
0.6340581827869574,0.8429871017951779,C1
0.7405497010834414,0.7766362287577969,C1
0.6336206562974244,0.7881945511444501,C1
0.5863859984112767,0.7907103136294746,C1
0.6368865146123899,0.7444303229944961,C1
0.578883129285377,0.7942625764262945,C1
0.5880747604020873,0.8032933524037519,C1
0.49865118463181385,0.7778051394167682,C1
0.5423476613223995,0.8413881919619609,C1
0.5242723705010801,0.9068054815016232,C1
0.5714492881033426,0.9167275588992767,C1
0.6057944305897025,0.8479311696508787,C1
0.6602081654872676,0.8782209185751187,C1
0.6287895511648816,0.8869256329235599,C1
0.7216924509454099,0.8711224359630196,C1
0.6650661521634029,0.8468731776552249,C1
0.7690421501435322,0.350280648837732,C1
0.6553035769391052,0.38985751094009297,C1
0.7364770483642116,0.4143336496203384,C1
0.6825749535979099,0.3336802321977979,C1
0.7072428367241775,0.3159207611819253,C1
0.6903336245708603,0.3578244698598719,C1
0.7300295727748615,0.38559471049787836,C1
0.7342441188201845,0.3724765651858018,C1
0.6873090016306012,0.34144284009966147,C1
0.7324346471134172,0.34140588142241135,C1
0.7317452387240817,0.397639049874656,C1
0.7438858624054178,0.3069387459895071,C1
0.7464043491482296,0.38546473620343447,C1
0.7076685630539304,0.3164612720235637,C1
0.703685204679369,0.3282421314790076,C1
0.7111588886610233,0.38694983836268626,C1
0.640661883248442,0.47163720922739244,C1
0.7523518024470092,0.4510517086576292,C1
0.7747911716061003,0.3995185756609571,C1
0.7171360610742655,0.46193132349970845,C1
0.7058508512899636,0.496279265975618,C1
0.7234263299024677,0.5359950487990507,C1
0.6909531404189958,0.469030377423696,C1
0.6677358242290173,0.5940869406073106,C1
0.6600671382369513,0.579136143156375,C1
0.6418865857656834,0.5996638804236509,C1
0.7319401872441434,0.525209277955086,C1
0.6957556437808377,0.5624987151047525,C1
0.6674539106566991,0.5256319057026579,C1
0.7329201222554481,0.4700632243869707,C1
0.7586729137927845,0.4757984065862988,C1
0.7496083109970327,0.5209530228752522,C1
0.7202202967698097,0.4254595753276573,C1
0.7482415719958678,0.4199713103681266,C1
0.7708738816067869,0.4457788080910995,C1
0.7622534649592348,0.4572773752093004,C1
0.7360127889956584,0.47269665663814464,C1
0.9655751463173678,0.13693302068222524,C1
0.9733112261606204,0.18151834741255823,C1
0.9277517230942902,0.1528322209473692,C1
0.9824736117193931,0.17287943146974663,C1
0.970934038544174,0.1051101441119117,C1
0.9682224042179987,0.020821709522518946,C1
0.9363366515759985,0.0732838773350149,C1
0.9705223083041008,0.12536822766887484,C1
0.973525000370185,0.05508271269059706,C1
0.8888510462765966,0.2963822763510819,C2
0.8689312910740236,0.32698372982543567,C2
0.9459541382276914,0.23918963288328537,C2
0.8687533183246627,0.3063329713094001,C2
0.9361840652535639,0.34548754542528304,C2
0.8735528741208433,0.36534148221054413,C2
0.8256529559741096,0.3412466349842181,C2
0.8484995531011458,0.3793302454748128,C2
0.8663589236274308,0.2927957679875015,C2
0.8932991009358636,0.3351927629520819,C2
0.9054143756849528,0.2213366451796229,C2
0.8196008415775592,0.27364259140625535,C2
0.8919881428554244,0.2946615943326157,C2
0.881950783528399,0.2773538626556232,C2
0.8352243856252765,0.29811038783172533,C2
0.8578815311162837,0.3215172332169195,C2
0.831466543168829,0.22301318211064414,C2
0.8700384911073993,0.36138495957860045,C2
0.9462300352409821,0.37142690561947994,C2
0.8836538399167405,0.34874580832784646,C2
0.897508539670833,0.3060361878239443,C2
0.8753422048154947,0.2712942630975926,C2
0.8702654574284807,0.33949599369643246,C2
0.8721707014165659,0.43742087053791157,C2
0.922931890440513,0.4368123465356454,C2
0.9002378224196357,0.3971103113818936,C2
0.9173293100250427,0.48939045438389484,C2
0.9079174326177556,0.3462138614645242,C2
0.9047833947379748,0.2678756842271762,C2
0.8820131132614774,0.3050235653701444,C2
0.866833884250031,0.29433562665443647,C2
0.8553435634213381,0.30038812157434797,C2
0.9549176709440415,0.17774320524244128,C2
0.9372894339341453,0.21123155038199437,C2
0.9078652029645606,0.2535615003918589,C2
0.8809287045324822,0.2820725256649424,C2
0.9411461558122863,0.28949545556299666,C2
0.8919210994146749,0.26061555460870695,C2
0.9166017848717655,0.3483314171578706,C2
0.9596246298007518,0.3096009221062535,C2
0.9096487643486714,0.21341323226735592,C2
0.8873634149287859,0.21067910996285766,C2
0.9076999203640089,0.31292114775318025,C2
0.900223848570924,0.19954386022908624,C2
0.8789058060007255,0.17949363768716264,C2
0.8358940906697415,0.20702169692672687,C2
0.8465909276438014,0.23703830004265114,C2
0.9162723398959148,0.21732757208077658,C2
0.8790275334422183,0.1718637628098438,C2
0.8733803619628813,0.22686463298259882,C2
0.8927012282678262,0.3202156712255128,C2
0.8887893582561754,0.340855780222801,C2
0.8823981230408945,0.3148204274344897,C2
0.8967120917728811,0.4300283503205599,C2
0.8208722956879528,0.4639994294282638,C2
0.8712016690769177,0.5080281723214973,C2
0.8310723865393197,0.531154281010747,C2
0.8407084362494924,0.6130680858472347,C2
0.7949374950220836,0.6247168293507054,C2
0.8585982380175561,0.6730360052267292,C2
0.7684966589756286,0.6931576824505766,C2
0.8736915242553723,0.6245688799092918,C2
0.7662509216741485,0.6194601786531435,C2
0.7604772342975833,0.6494482201468469,C2
0.6779976510657316,0.7061740104027765,C2
0.7510851131018281,0.6974371741490767,C2
0.733819565123092,0.6333041348097452,C2
0.7255531490331293,0.6912205202807256,C2
0.6879477814515522,0.6661951473223158,C2
0.6299449394485462,0.6573650682015978,C2
0.6378327359916824,0.6677036997771215,C2
0.5689684618576986,0.565254802314183,C2
0.5853510187968928,0.625269919413338,C2
0.6165086644432661,0.5703822136122235,C2
0.5922702867295203,0.6650349365683493,C2
0.5144863600781702,0.626384548011578,C2
0.619007976172338,0.6071759368577407,C2
0.5515254904751463,0.6304012673056334,C2
0.5693011019307003,0.6487694649916458,C2
0.625763068107895,0.6399221683160446,C2
0.5573280611467641,0.6195836726037138,C2
0.5450957553167952,0.6470624727823626,C2
0.5755950846337118,0.688276993921112,C2
0.5769836930472397,0.5892791781976534,C2
0.5394503739980628,0.6346853184262908,C2
0.5458241371885266,0.6456057650907163,C2
0.5996085738609702,0.7037561046564651,C2
0.5191598662434397,0.6856138227132116,C2
0.540113031820364,0.6468407015395968,C2
0.5822077212887211,0.6371474110379723,C2
0.5255941019576389,0.5835011388862299,C2
0.473458579655307,0.6545669207727183,C2
0.5016847983036603,0.6518895865938746,C2
0.47732821838716644,0.6282442231452486,C2
0.5271809175225978,0.5598081094199239,C2
0.47827532431472264,0.49260374416287256,C2
0.4496542502649746,0.5924696324445998,C2
0.4637928304107002,0.5325253965735759,C2
0.4302919159682852,0.5601743029295836,C2
0.4582529481289421,0.5390133966147206,C2
0.40540162255817824,0.5413533952959988,C2
0.4105853561456797,0.5586632562657408,C2
0.4732739311144938,0.5409201117071301,C2
0.4099284924674936,0.5169695005288938,C2
0.461102981729037,0.533366418689838,C2
0.38693043960984147,0.5258025525443125,C2
0.41366926299490037,0.5855258621856483,C2
0.3876827136533435,0.5371364360406805,C2
0.3630526180871646,0.5366145970795317,C2
0.365972178807153,0.49285082004388703,C2
0.38738787120349283,0.556201580170019,C2
0.34935772474571014,0.5347520074512455,C2
0.3427494211555913,0.5421014342714868,C2
0.3544713913748937,0.53538948517883,C2
0.34416102680384014,0.5733926153153999,C2
0.2939325162253583,0.5471473542488972,C2
0.3962656080356301,0.5904998682152149,C2
0.2975994224808826,0.5772579670398651,C2
0.3293764238736886,0.6129935763699604,C2
0.38543211059212,0.7057442474368325,C2
0.4104877651441596,0.6342174506621472,C2
0.34439812872993253,0.6375967325208945,C2
0.40917325228070467,0.6990372020550095,C2
0.4123288475344555,0.6937893219509129,C2
0.2996094493148464,0.7735729477373822,C2
0.2751208390738953,0.783378326260829,C2
0.22438191576644168,0.8126824522076688,C2
0.33267152344433465,0.7279124454684456,C2
0.3448835941705434,0.7067722738009067,C2
0.3606636267896467,0.754738418593618,C2
0.3531128218935451,0.7295075527257014,C2
0.3298206101745462,0.7713078046574587,C2
0.304193188616767,0.7543599926041691,C2
0.3458785736821126,0.8040707875383554,C2
0.300673850012684,0.7118716887904886,C2
0.25100774628056655,0.7819764915942339,C2
0.28925290726225344,0.7427904971743285,C2
0.22706824574627935,0.6491798451398504,C2
0.3100979758229145,0.690274107682334,C2
0.2773054939245324,0.76515887566446,C2
0.2956904547318317,0.7025608183588942,C2
0.28204288220267926,0.7488877059228956,C2
0.3232378425554687,0.6957399450431082,C2
0.3446990430999863,0.6395545302868163,C2
0.38790313426436424,0.6914235906584051,C2
0.30767801492681557,0.71867844883725,C2
0.4596148600328004,0.6743521280657471,C2
0.47185967401431717,0.7054174905697969,C2
0.45212505325203384,0.6693283809779365,C2
0.49459308741800073,0.6765212559583433,C2
0.49164837168716125,0.628186564158513,C2
0.5327990622345753,0.7498046084564317,C2
0.5576774700112735,0.7254297209876573,C2
0.5836834302122961,0.705772110102177,C2
0.6593850760787802,0.7756446944078469,C2
0.6143574543610052,0.6309628344805296,C2
0.620102106750996,0.7227675397520021,C2
0.6117439238561678,0.7042949386261755,C2
0.6686026943719872,0.7463081211241107,C2
0.6926081368270756,0.6968934701892688,C2
0.7204498143540322,0.746848390870105,C2
0.7994956218228222,0.6722284452325665,C2
0.799732377202192,0.6875662403842038,C2
0.81915875522936,0.697650190775899,C2
0.7857099706424054,0.6464068178083031,C2
0.8696181039230474,0.6139933091322118,C2
0.789823680445325,0.5520920329731865,C2
0.8471787702877641,0.5832850920793176,C2
0.8678887547562978,0.6190590947366886,C2
0.9247177593001145,0.6089098843209796,C2
0.8751955384314201,0.5930926597003109,C2
0.9600526794734456,0.6079209858543488,C2
0.9704824437134723,0.6589334257113838,C2
0.9693843194141651,0.6237499963683786,C2
0.9202381117590311,0.6235120484146566,C2
0.9211946119606085,0.6070284344383216,C2
0.9633750348170041,0.5801883720299679,C2
0.8396004203940205,0.6743689302682495,C2
0.9050184760731256,0.644230137833407,C2
0.8561693450725567,0.6941178384237043,C2
0.8705792543394191,0.6332805229375872,C2
0.8255996126693141,0.6302667810146735,C2
0.7750891960820749,0.6230244052860658,C2
0.7661916652242868,0.7251559752374048,C2
0.6880286438705021,0.6202719832537544,C2
0.14033828851803595,0.6488698378894026,C2
0.10494156951110699,0.6825492170667574,C2
0.05609828672129441,0.6507592413667902,C2
0.14821617390213357,0.6506235583286317,C2
0.14945575007382006,0.6909159926395683,C2
0.10802591205798104,0.6306622315332664,C2
0.2409563768146359,0.5980308800813217,C2
0.16753957267236422,0.6768495263755394,C2
0.16056511738763418,0.6275966481927925,C2
0.14344531233945457,0.6351695886016716,C2
0.32769201689270944,0.6292782763939859,C2
0.23704230945472798,0.6438718329566202,C2
0.2869338427496566,0.5903007711049456,C2
0.27638203620842594,0.5556904056205167,C2
0.24735270709409823,0.6214305236753846,C2
0.2529998420816497,0.5124469640918572,C2
0.30794449601899493,0.5918871927215973,C2
0.21289675156687085,0.5658708098692357,C2
0.15980385995718538,0.29569749398731826,C2
0.12362757796348117,0.2527199004797195,C2
0.14958785262069155,0.20142849445947175,C2
0.10715925141071307,0.2912824930739471,C2
0.2245236284805776,0.23965226109188956,C2
0.12567385769276912,0.3368320780951206,C2
0.10982490967043931,0.24258042218489723,C2
0.20678223738475365,0.25458023455665896,C2
0.12742135308342378,0.31402490050697046,C2
0.07882351442342349,0.297281478956959,C2
0.09801118122926158,0.3085988472183362,C2
0.12624488478615728,0.28187651553973,C2
0.19319317113894652,0.2976128161144901,C2
0.13616753624934647,0.28390049634705267,C2
0.15405011088984463,0.3102863858913088,C2
0.14916408592699654,0.32453797785638144,C2
0.13726371210984553,0.3325804060542061,C2
0.15606495358856098,0.2927201179555006,C2
0.3130769340315248,0.3899348267481816,C2
0.3652831315809525,0.4243808002224977,C2
0.36562566191458895,0.37322320563732336,C2
0.37913579249277174,0.34527354319473424,C2
0.3279866026091665,0.3807734875250879,C2
0.34334142435789766,0.3881695879827439,C2
0.19161322797324348,0.2791335964188004,C2
0.18041856918444402,0.251770994692854,C2
0.17576570985323087,0.20671346780986485,C2
0.10549780963851708,0.265272936690946,C2
0.19205268600864672,0.29086132495717637,C2
0.23007619831210585,0.2963245369886861,C2
0.20866136211557534,0.3098771281767228,C2
0.15317373907132634,0.2834758506700854,C2
0.17238860966692174,0.19350141102923424,C2
0.1817955858017246,0.1903127980504783,C2
0.09108830474239824,0.2181920278899868,C2
0.14393647919793645,0.24944030751621613,C2
0.16096794108272347,0.1735103792342917,C2
0.15227572897348438,0.26225625681848996,C2
0.39126882523381656,0.7126124541568979,C2
0.35795830749163043,0.6628663126966226,C2
0.44055606150919385,0.7046702167286305,C2
0.43163538345616675,0.7332619424275,C2
0.37335477214815405,0.6981838296979733,C2
0.39334788781151075,0.6216693966799021,C2
0.41248105199410884,0.6740171690641316,C2
0.409370278694489,0.6959146501499341,C2
0.4151686589739741,0.6983310149939441,C2
0.45653104107423353,0.6479646991047211,C2
0.5165630744679587,0.6291995232556808,C2
0.45330778680868755,0.5640018187634731,C2
0.512735713669255,0.5814672267557157,C2
0.5183914998676467,0.5838829319711347,C2
0.5090023466276236,0.5560213177292954,C2
0.5592422902839659,0.6061633940418826,C2
0.5602439413536476,0.5548482184509766,C2
0.5573686751588715,0.5486504727966093,C2
0.527962842793598,0.5073734256429177,C2
0.5312903166534754,0.5565745282838986,C2
0.5532902519473417,0.5460999002670632,C2
0.5740398264115105,0.5495917272853144,C2
0.4992816630584658,0.5551685876017532,C2
0.5574989268304467,0.5916261342301817,C2
0.4477898483383174,0.5920810524054134,C2
0.4356497116427612,0.5594195898142437,C2
0.37611802051356874,0.5068644258196114,C2
0.5125496823221698,0.530734975619031,C2
0.47124817635583965,0.4942506267189932,C2
0.3979074298942588,0.5399663825826115,C2
0.39324957192001764,0.5340874735725911,C2
0.41873060746133417,0.48839141703682903,C2
0.43851137272869417,0.45309687439245355,C2
0.4192860140148487,0.4658807094700509,C2
0.48536943098429963,0.5005982035204222,C2
0.4746978112055486,0.45951693700794677,C2
0.5060166715231414,0.5171269589334728,C2
0.4728853469165521,0.48367583513479234,C2
0.4901730099259756,0.5658058301957979,C2
0.495879902321675,0.5262047149341483,C2
0.9639929743912213,0.5892869541277534,C2
0.9893630159076713,0.6138434199403556,C2
